{
  "position": {
    "mean": [
      658.0540161132812,
      40.58768081665039,
      790.1671142578125
    ],
    "std": [
      535.7074584960938,
      226.9570770263672,
      647.3239135742188
    ],
    "max": [
      2230.27294921875,
      718.5822143554688,
      2199.27685546875
    ],
    "min": [
      -284.7247314453125,
      -661.8665771484375,
      5.862951278686523
    ]
  },
  "velocity": {
    "mean": [
      -15.054646492004395,
      0.17449980974197388,
      -20.00710105895996
    ],
    "std": [
      10.445691108703613,
      3.8899734020233154,
      9.50491714477539
    ],
    "max": [
      3.952726125717163,
      14.534497261047363,
      0.34619078040122986
    ],
    "min": [
      -33.796165466308594,
      -13.296321868896484,
      -41.7347297668457
    ]
  },
  "attitude": {
    "mean": [
      0.9907693266868591,
      0.001437114318832755,
      0.06646404415369034,
      0.0367361381649971
    ],
    "std": [
      0.011103722266852856,
      0.0661545991897583,
      0.0857323631644249,
      0.02843082696199417
    ],
    "max": [
      0.999987006187439,
      0.26557424664497375,
      0.4041706621646881,
      0.15437038242816925
    ],
    "min": [
      0.9022722840309143,
      -0.2901392877101898,
      -0.28055545687675476,
      -0.053918518126010895
    ]
  },
  "angular_velocity": {
    "mean": [
      3.4447828056727303e-06,
      -0.006754740606993437,
      6.076775025576353e-05
    ],
    "std": [
      0.06657225638628006,
      0.10260266065597534,
      0.00039485745946876705
    ],
    "max": [
      0.49027788639068604,
      0.5649202466011047,
      0.0016168698202818632
    ],
    "min": [
      -0.4473690390586853,
      -1.0200315713882446,
      -0.0010709119960665703
    ]
  },
  "action": {
    "mean": [
      503.7776184082031,
      2.8986716270446777,
      3583.170654296875,
      1.0410510301589966,
      -0.11966787278652191,
      0.0
    ],
    "std": [
      809.5798950195312,
      507.47906494140625,
      848.52001953125,
      474.01141357421875,
      415.0057373046875,
      0.0
    ],
    "max": [
      7372.8017578125,
      3322.028076171875,
      9982.0673828125,
      4000.0,
      4000.0,
      0.0
    ],
    "min": [
      -4284.34716796875,
      -2553.566162109375,
      0.0,
      -4000.0,
      -4000.0,
      0.0
    ]
  },
  "timestamp": {
    "mean": [
      52.1145655814184
    ],
    "std": [
      30.25898882953169
    ],
    "max": [
      116.0999984741211
    ],
    "min": [
      0.0
    ]
  },
  "frame_index": {
    "mean": [
      260.5735858469568
    ],
    "std": [
      151.29623101805214
    ],
    "max": [
      581.0
    ],
    "min": [
      0.0
    ]
  },
  "episode_index": {
    "mean": [
      49.399915572952644
    ],
    "std": [
      28.757671396111462
    ],
    "max": [
      99.0
    ],
    "min": [
      0.0
    ]
  },
  "task_index": {
    "mean": [
      0.0
    ],
    "std": [
      0.0
    ],
    "max": [
      0.0
    ],
    "min": [
      0.0
    ]
  },
  "index": {
    "mean": [
      260.5735858469568
    ],
    "std": [
      151.29623101805214
    ],
    "max": [
      581.0
    ],
    "min": [
      0.0
    ]
  },
  "observation.state": {
    "mean": [
      658.0540161132812,
      40.58768081665039,
      790.1671142578125,
      -15.054646492004395,
      0.17449980974197388,
      -20.00710105895996,
      0.9907693266868591,
      0.001437114318832755,
      0.06646404415369034,
      0.0367361381649971,
      3.4447828056727303e-06,
      -0.006754740606993437,
      6.076775025576353e-05
    ],
    "std": [
      535.7074584960938,
      226.9570770263672,
      647.3239135742188,
      10.445691108703613,
      3.8899734020233154,
      9.50491714477539,
      0.011103722266852856,
      0.0661545991897583,
      0.0857323631644249,
      0.02843082696199417,
      0.06657225638628006,
      0.10260266065597534,
      0.00039485745946876705
    ],
    "max": [
      2230.27294921875,
      718.5822143554688,
      2199.27685546875,
      3.952726125717163,
      14.534497261047363,
      0.34619078040122986,
      0.999987006187439,
      0.26557424664497375,
      0.4041706621646881,
      0.15437038242816925,
      0.49027788639068604,
      0.5649202466011047,
      0.0016168698202818632
    ],
    "min": [
      -284.7247314453125,
      -661.8665771484375,
      5.862951278686523,
      -33.796165466308594,
      -13.296321868896484,
      -41.7347297668457,
      0.9022722840309143,
      -0.2901392877101898,
      -0.28055545687675476,
      -0.053918518126010895,
      -0.4473690390586853,
      -1.0200315713882446,
      -0.0010709119960665703
    ]
  },
  "observation.images.cam": {
    "mean": [
      82.6796271306371,
      82.6796271306371,
      82.6796271306371
    ],
    "std": [
      19.48722770282886,
      19.48722770282886,
      19.48722770282886
    ],
    "min": [
      0.0,
      0.0,
      0.0
    ],
    "max": [
      218.0,
      218.0,
      218.0
    ]
  }
}